{"loss": 0.18730080127716064, "accuracy": 0.244, "val_accuracy": 0.254, "val_loss": 1.1077972650527954, "_runtime": 5859, "_timestamp": 1621423942, "_step": 642}