{"loss": 1.4574984312057495, "accuracy": 0.0, "val_accuracy": 0.0, "val_loss": 1.455202579498291, "_runtime": 915, "_timestamp": 1621410921, "_step": 80}