{"loss": 1.6371461153030396, "accuracy": 0.0, "val_accuracy": 0.0, "val_loss": 1.627712607383728, "_runtime": 543, "_timestamp": 1621399048, "_step": 80}