{"loss": 1.6209325790405273, "accuracy": 0.0, "val_accuracy": 0.0, "val_loss": 1.6460239887237549, "_runtime": 688, "_timestamp": 1621408005, "_step": 80}