{"loss": 1.7745879888534546, "accuracy": 0.0, "val_accuracy": 0.0, "val_loss": 1.780430793762207, "_runtime": 595, "_timestamp": 1621401573, "_step": 80}