{"loss": 1177.087890625, "accuracy": 0.0, "val_accuracy": 0.0, "val_loss": 1179.158203125, "_runtime": 642, "_timestamp": 1621415495, "_step": 80}