{"loss": 1.7208563089370728, "accuracy": 1.0, "val_accuracy": 1.0, "val_loss": 1.7369906902313232, "_runtime": 785, "_timestamp": 1621396337, "_step": 80}