{"loss": 1.4392518997192383, "accuracy": 0.0, "val_accuracy": 0.0, "val_loss": 1.427616000175476, "_runtime": 41, "_timestamp": 1621424863, "_step": 2}