{"loss": 1.7850092649459839, "accuracy": 0.0, "val_accuracy": 0.0, "val_loss": 1.7860870361328125, "_runtime": 36, "_timestamp": 1621424957, "_step": 2}