{"loss": 1.7118545770645142, "accuracy": 0.0, "val_accuracy": 0.0, "val_loss": 1.711371898651123, "_runtime": 526, "_timestamp": 1621400966, "_step": 80}