{"loss": 1.7971254587173462, "accuracy": 0.0, "val_accuracy": 0.0, "val_loss": 1.796053171157837, "_runtime": 15, "_timestamp": 1621399723, "_step": 0}