{"loss": 1.5965780019760132, "accuracy": 0.0, "val_accuracy": 0.0, "val_loss": 1.5962846279144287, "_runtime": 711, "_timestamp": 1621360602, "_step": 80}