{"loss": 1.4474985599517822, "accuracy": 0.0, "val_accuracy": 0.0, "val_loss": 1.4523422718048096, "_runtime": 733, "_timestamp": 1621414739, "_step": 80}