{"loss": 1.3967503309249878, "accuracy": 0.0, "val_accuracy": 0.0, "val_loss": 1.3620049953460693, "_runtime": 35, "_timestamp": 1621424813, "_step": 2}