{"loss": 1.451758623123169, "accuracy": 0.0, "val_accuracy": 0.0, "val_loss": 1.4553990364074707, "_runtime": 35, "_timestamp": 1621424600, "_step": 2}