{"loss": 1.273833990097046, "accuracy": 0.0, "val_accuracy": 0.0, "val_loss": 1.2508560419082642, "_runtime": 35, "_timestamp": 1621425045, "_step": 2}