{"loss": 1.6273549795150757, "accuracy": 0.0, "val_accuracy": 0.0, "val_loss": 1.6449326276779175, "_runtime": 777, "_timestamp": 1621413997, "_step": 80}