{"loss": 1.5803492069244385, "accuracy": 0.09, "val_accuracy": 0.079, "val_loss": 1.5866665840148926, "_runtime": 633, "_timestamp": 1621409996, "_step": 80}