{"loss": 1.3832859992980957, "accuracy": 0.065, "val_accuracy": 0.054, "val_loss": 1.4163621664047241, "_runtime": 696, "_timestamp": 1621412236, "_step": 80}