{"loss": 1.7885969877243042, "accuracy": 0.0, "val_accuracy": 0.0, "val_loss": 1.7934218645095825, "_runtime": 816, "_timestamp": 1621403959, "_step": 80}