{"loss": 1.7917505502700806, "accuracy": 1.0, "val_accuracy": 1.0, "val_loss": 1.7917553186416626, "_runtime": 73, "_timestamp": 1621358736, "_step": 19}