{"loss": 1.69905686378479, "accuracy": 0.0, "val_accuracy": 0.0, "val_loss": 1.711239218711853, "_runtime": 101, "_timestamp": 1621399853, "_step": 13}