{"loss": 1.5165313482284546, "accuracy": 1.0, "val_accuracy": 1.0, "val_loss": 1.505178451538086, "_runtime": 623, "_timestamp": 1621394868, "_step": 80}