{"loss": 1.204849362373352, "accuracy": 0.0, "val_accuracy": 0.0, "val_loss": 1.241624355316162, "_runtime": 34, "_timestamp": 1621424556, "_step": 2}