{"loss": 1.7902288436889648, "accuracy": 0.0, "val_accuracy": 0.0, "val_loss": 1.7893959283828735, "_runtime": 536, "_timestamp": 1621398494, "_step": 80}