{"loss": 1.4908270835876465, "accuracy": 0.956, "val_accuracy": 0.971, "val_loss": 1.4666670560836792, "_runtime": 33, "_timestamp": 1621424722, "_step": 1}