{"loss": 1.622069239616394, "accuracy": 0.0, "val_accuracy": 0.0, "val_loss": 1.6593265533447266, "_runtime": 1069, "_timestamp": 1621391669, "_step": 80}