{"loss": 1.515630841255188, "accuracy": 0.0, "val_accuracy": 0.0, "val_loss": 1.4977740049362183, "_runtime": 591, "_timestamp": 1621402175, "_step": 80}