{"loss": 1.7343190908432007, "accuracy": 1.0, "val_accuracy": 1.0, "val_loss": 1.7505476474761963, "_runtime": 516, "_timestamp": 1621397947, "_step": 80}