{"loss": 1.6504602432250977, "accuracy": 0.0, "val_accuracy": 0.0, "val_loss": 1.625281810760498, "_runtime": 658, "_timestamp": 1621395537, "_step": 80}