{"loss": 1.7656272649765015, "accuracy": 0.0, "val_accuracy": 0.0, "val_loss": 1.763710618019104, "_runtime": 39, "_timestamp": 1621424912, "_step": 2}