{"loss": 1.7323720455169678, "accuracy": 0.0, "val_accuracy": 0.0, "val_loss": 1.7197599411010742, "_runtime": 59, "_timestamp": 1621358841, "_step": 14}