{"loss": 1.4215269088745117, "accuracy": 0.0, "val_accuracy": 0.0, "val_loss": 1.4262586832046509, "_runtime": 696, "_timestamp": 1621408710, "_step": 80}