{"loss": 1.7574968338012695, "accuracy": 1.0, "val_accuracy": 1.0, "val_loss": 1.7451356649398804, "_runtime": 105, "_timestamp": 1621358995, "_step": 28}