{"loss": 1.6661956310272217, "accuracy": 0.0, "val_accuracy": 0.0, "val_loss": 1.687035322189331, "_runtime": 657, "_timestamp": 1621403132, "_step": 80}