{"loss": 1.3673149347305298, "accuracy": 0.0, "val_accuracy": 0.0, "val_loss": 1.3377395868301392, "_runtime": 34, "_timestamp": 1621425001, "_step": 2}