{"loss": 1.7895467281341553, "accuracy": 0.0, "val_accuracy": 0.0, "val_loss": 1.7909010648727417, "_runtime": 529, "_timestamp": 1621359882, "_step": 80}