{"loss": 1.6668593883514404, "accuracy": 0.0, "val_accuracy": 0.0, "val_loss": 1.6434917449951172, "_runtime": 906, "_timestamp": 1621397254, "_step": 80}