{"loss": 1.7773559093475342, "accuracy": 0.0, "val_accuracy": 0.0, "val_loss": 1.7868201732635498, "_runtime": 641, "_timestamp": 1621405271, "_step": 80}