{"loss": 1.7256242036819458, "accuracy": 1.0, "val_accuracy": 1.0, "val_loss": 1.7278205156326294, "_runtime": 324, "_timestamp": 1621359344, "_step": 80}