{"loss": 0.006906110793352127, "accuracy": 0.262, "val_accuracy": 0.268, "val_loss": 1.5488574504852295, "_runtime": 348, "_timestamp": 1621424304, "_step": 31}