{"loss": 1.598644733428955, "accuracy": 0.0, "val_accuracy": 0.0, "val_loss": 1.569213628768921, "_runtime": 650, "_timestamp": 1621404620, "_step": 80}