{"loss": 1.6240782737731934, "accuracy": 0.0, "val_accuracy": 0.0, "val_loss": 1.6438716650009155, "_runtime": 963, "_timestamp": 1621413209, "_step": 80}