{"loss": 1.4426474571228027, "accuracy": 0.04, "val_accuracy": 0.039, "val_loss": 1.4617329835891724, "_runtime": 696, "_timestamp": 1621407306, "_step": 80}