{"loss": 1.7760385274887085, "accuracy": 0.0, "val_accuracy": 0.0, "val_loss": 1.7711173295974731, "_runtime": 634, "_timestamp": 1621409353, "_step": 80}