{"loss": 1.4322006702423096, "accuracy": 0.081, "val_accuracy": 0.05, "val_loss": 1.4595775604248047, "_runtime": 743, "_timestamp": 1621417589, "_step": 80}